<?xml version="1.0" encoding="UTF-8" standalone="yes"?>
<addon id="repository.BrunoTV" name="BrunoTV" version="1.0" provider-name="Bruno Santos">
    <extension point="xbmc.addon.repository" name="Nome Repository">
        <dir>
            <info compressed="false">https://raw.githubusercontent.com/Brunoparakodi/BrunoTV/master/zips/addons.xml</info>
            <checksum>https://raw.githubusercontent.com/Brunoparakodi/BrunoTV/master/zips/addons.xml.md5</checksum>
            <datadir zip="true">https://raw.githubusercontent.com/Brunoparakodi/BrunoTV/master/zips/</datadir>
        </dir>
    </extension>
    <extension point="xbmc.addon.metadata">
        <summary>Repositario Do BrunoTV</summary>
        <description>Nesse Repo você encontrará de tudo</description>
        <disclaimer></disclaimer>
        <platform>all</platform>
        <assets>
            <icon>icon.png</icon>
            <fanart>fanart.jpg</fanart>
        </assets>
    </extension>
</addon>